passport_number,first_name,last_name,email,phone_number
P793335,Kai,Ab Adam,kai.ab adam@outlook.com,+44-898-2816
P236257,Olivia,Ab Adham,olivia.ab adham@outlook.com,+61-635-6462
P129909,Liam,Abrahall,liam.abrahall@gmail.com,+34-662-3256
P881167,Amelia,Absom,amelia.absom@icloud.com,+49-135-8672
P619842,Noah,Abson,noah.abson@hotmail.com,+33-275-4445
P655822,Mia,Acherley,mia.acherley@icloud.com,+33-834-4650
P951504,Rowan,Ackehurst,rowan.ackehurst@icloud.com,+44-311-5332
P955602,Eliana,Ackers,eliana.ackers@outlook.com,+86-602-5630
P341690,James,Ackhurst,james.ackhurst@icloud.com,+34-588-2364
P132304,Asher,Ackley,asher.ackley@outlook.com,+91-638-5493
P167942,Ava,Ackres,ava.ackres@outlook.com,+49-266-3316
P767522,Emma,Acorn,emma.acorn@yahoo.com,+34-644-1457
P513656,Charlotte,Acre,charlotte.acre@outlook.com,+86-497-4301
P498825,Mila,Acrea,mila.acrea@gmail.com,+61-353-8804
P450676,Aria,Acree,aria.acree@icloud.com,+61-407-3329
P969673,Luna,Acres,luna.acres@yahoo.com,+33-674-7430
P430060,Luca,Acrey,luca.acrey@outlook.com,+7-347-9245
P625618,Evelyn,Adamthwaite,evelyn.adamthwaite@outlook.com,+61-453-3110
P529996,Sophia,Adaway,sophia.adaway@gmail.com,+33-668-1716
P859983,Maeve,Addaman,maeve.addaman@hotmail.com,+7-402-3737
